"Source:","/home/jescarri/workspace/jescarri/aprs-esp32/aprs-esp32/aprs-esp32.kicad_sch"
"Date:","Fri 01 Dec 2023 12:29:51 PM"
"Tool:","Eeschema 6.0.2+dfsg-1"
"Generator:","/usr/share/kicad/plugins/bom_csv_grouped_by_value.py"
"Component Count:","47"

"Individual Components:"

"Item","Qty","Reference(s)","Value","LibPart","Footprint","Datasheet","Description","Height","MANUFACTURER","Manufacturer_Name","Manufacturer_Part_Number","Mouser Part Number","Mouser Price/Stock","PART_REV","STANDARD"
"","","C1","100nF","Device:C","Capacitor_SMD:C_1206_3216Metric_Pad1.33x1.80mm_HandSolder","~","","","","","","","","",""
"","","C2","100nF","Device:C","Capacitor_SMD:C_1206_3216Metric_Pad1.33x1.80mm_HandSolder","~","","","","","","","","",""
"","","C3","1uF","Device:C","Capacitor_SMD:C_1812_4532Metric_Pad1.57x3.40mm_HandSolder","~","","","","","","","","",""
"","","C4","0.1uF","Device:C","Capacitor_SMD:C_1812_4532Metric_Pad1.57x3.40mm_HandSolder","~","","","","","","","","",""
"","","C5","22uF","Device:C","Capacitor_Tantalum_SMD:CP_EIA-3528-21_Kemet-B_Pad1.50x2.35mm_HandSolder","~","","","","","","","","",""
"","","C6","100nF","Device:C","Capacitor_SMD:C_1206_3216Metric_Pad1.33x1.80mm_HandSolder","~","","","","","","","","",""
"","","C7","4.7uF","Device:C","Capacitor_SMD:C_1206_3216Metric_Pad1.33x1.80mm_HandSolder","~","","","","","","","","",""
"","","D1","RED_RADIO_OK","Device:LED_Small","LED_SMD:LED_0603_1608Metric_Pad1.05x0.95mm_HandSolder","~","","","","","","","","",""
"","","D2","RED_TX_PROGRESS","Device:LED_Small","LED_SMD:LED_0603_1608Metric_Pad1.05x0.95mm_HandSolder","~","","","","","","","","",""
"","","D3","GREN_USER_DEFINED","Device:LED_Small","LED_SMD:LED_0603_1608Metric_Pad1.05x0.95mm_HandSolder","~","","","","","","","","",""
"","","FL1","LFCN-160","RF_Filter:LFCN-160","Filter:Filter_Mini-Circuits_FV1206","https://www.minicircuits.com/pdfs/LFCN-160+.pdf","","","","","","","","",""
"","","H1","MH","Mechanical:MountingHole_Pad","MountingHole:MountingHole_4.3mm_M4_Pad_Via","~","","","","","","","","",""
"","","H2","MH","Mechanical:MountingHole_Pad","MountingHole:MountingHole_4.3mm_M4_Pad_Via","~","","","","","","","","",""
"","","H3","MH","Mechanical:MountingHole_Pad","MountingHole:MountingHole_4.3mm_M4_Pad_Via","~","","","","","","","","",""
"","","H4","MH","Mechanical:MountingHole_Pad","MountingHole:MountingHole_4.3mm_M4_Pad_Via","~","","","","","","","","",""
"","","J1","GPS_CONNECTOR","Connector:Conn_01x04_Male","Connector_PinHeader_2.54mm:PinHeader_1x04_P2.54mm_Vertical","~","","","","","","","","",""
"","","J2","EXT_1WIRE","Connector:Screw_Terminal_01x03","Connector_PinHeader_2.54mm:PinHeader_1x03_P2.54mm_Vertical","~","","","","","","","","",""
"","","J3","PSU_CONN","Connector:Screw_Terminal_01x04","TerminalBlock:TerminalBlock_Altech_AK300-4_P5.00mm","~","","","","","","","","",""
"","","J4","I2C","Connector_Generic:Conn_01x04","Connector_PinHeader_2.54mm:PinHeader_1x04_P2.54mm_Vertical","~","","","","","","","","",""
"","","J5","M20-6102045","M20-6102045:M20-6102045","M20-6102045:RHDR40W66P254_2X20_5146X500X1105P","https://datasheet.datasheetarchive.com/originals/distributors/SFDatasheet-1/sf-00022539.pdf","PC / 104 Connectors PC104 STACK CONNECT 20+20 HI TEMP AU","11.05","","Harwin","M20-6102045","855-M20-6102045","https://www.mouser.co.uk/ProductDetail/Harwin/M20-6102045?qs=pYcASEcTDE4FwHXnSlfG3Q%3D%3D","",""
"","","J6","RF_HI_LOW","Connector:Screw_Terminal_01x03","Connector_PinHeader_2.54mm:PinHeader_1x03_P2.54mm_Vertical","~","","","","","","","","",""
"","","J7","RF_OUT","Connector:Conn_Coaxial","Connector_Coaxial:SMA_Amphenol_132291_Vertical"," ~","","","","","","","","",""
"","","J8","ESP PROGRAM","Connector:Conn_01x03_Male","Connector_PinHeader_2.54mm:PinHeader_1x03_P2.54mm_Vertical","~","","","","","","","","",""
"","","Q1","BSS138","Transistor_FET:BSS138","Package_TO_SOT_SMD:SOT-23","https://www.onsemi.com/pub/Collateral/BSS138-D.PDF","","","","","","","","",""
"","","Q2","BSS138","Transistor_FET:BSS138","Package_TO_SOT_SMD:SOT-23","https://www.onsemi.com/pub/Collateral/BSS138-D.PDF","","","","","","","","",""
"","","Q3","BSS138","Transistor_FET:BSS138","Package_TO_SOT_SMD:SOT-23","https://www.onsemi.com/pub/Collateral/BSS138-D.PDF","","","","","","","","",""
"","","Q4","BSS138","Transistor_FET:BSS138","Package_TO_SOT_SMD:SOT-23","https://www.onsemi.com/pub/Collateral/BSS138-D.PDF","","","","","","","","",""
"","","R1","4.7k","Device:R","Resistor_SMD:R_1206_3216Metric_Pad1.30x1.75mm_HandSolder","~","","","","","","","","",""
"","","R2","10k","Device:R","Resistor_SMD:R_1206_3216Metric_Pad1.30x1.75mm_HandSolder","~","","","","","","","","",""
"","","R3","10k","Device:R","Resistor_SMD:R_1206_3216Metric_Pad1.30x1.75mm_HandSolder","~","","","","","","","","",""
"","","R4","10k","Device:R","Resistor_SMD:R_1206_3216Metric_Pad1.30x1.75mm_HandSolder","~","","","","","","","","",""
"","","R5","10k","Device:R","Resistor_SMD:R_1206_3216Metric_Pad1.30x1.75mm_HandSolder","~","","","","","","","","",""
"","","R6","10k","Device:R","Resistor_SMD:R_1206_3216Metric_Pad1.30x1.75mm_HandSolder","~","","","","","","","","",""
"","","R7","10k","Device:R","Resistor_SMD:R_1206_3216Metric_Pad1.30x1.75mm_HandSolder","~","","","","","","","","",""
"","","R8","10K","Device:R","Resistor_SMD:R_1206_3216Metric_Pad1.30x1.75mm_HandSolder","~","","","","","","","","",""
"","","R9","270R","Device:R","Resistor_SMD:R_1206_3216Metric_Pad1.30x1.75mm_HandSolder","~","","","","","","","","",""
"","","R10","10k","Device:R","Resistor_SMD:R_1206_3216Metric_Pad1.30x1.75mm_HandSolder","~","","","","","","","","",""
"","","R11","10k","Device:R","Resistor_SMD:R_1206_3216Metric_Pad1.30x1.75mm_HandSolder","~","","","","","","","","",""
"","","R12","4.7K","Device:R_Small","Resistor_SMD:R_1206_3216Metric_Pad1.30x1.75mm_HandSolder","~","","","","","","","","",""
"","","R13","4.7K","Device:R_Small","Resistor_SMD:R_1206_3216Metric_Pad1.30x1.75mm_HandSolder","~","","","","","","","","",""
"","","R14","1.1K","Device:R_Small","Resistor_SMD:R_1206_3216Metric_Pad1.30x1.75mm_HandSolder","~","","","","","","","","",""
"","","R15","1.1K","Device:R_Small","Resistor_SMD:R_1206_3216Metric_Pad1.30x1.75mm_HandSolder","~","","","","","","","","",""
"","","R16","1.1K","Device:R_Small","Resistor_SMD:R_1206_3216Metric_Pad1.30x1.75mm_HandSolder","~","","","","","","","","",""
"","","SW1","RESET","Switch:SW_Push","Button_Switch_THT:SW_PUSH_6mm_H5mm","~","","","","","","","","",""
"","","SW2","ESP Program","Switch:SW_Push","Button_Switch_THT:SW_PUSH_6mm_H5mm","~","","","","","","","","",""
"","","U1","DRA818V","DRA818V:DRA818V","DRA818:DORJI_DRA818V","","","","DORJI","","","","","1.23","MANUFACTURER RECOMMENDATIONS"
"","","U2","ESP32-WROOM-32D","RF_Module:ESP32-WROOM-32D","RF_Module:ESP32-WROOM-32","https://www.espressif.com/sites/default/files/documentation/esp32-wroom-32d_esp32-wroom-32u_datasheet_en.pdf","","","","","","","","",""



"Collated Components:"

"Item","Qty","Reference(s)","Value","LibPart","Footprint","Datasheet","Description","Height","MANUFACTURER","Manufacturer_Name","Manufacturer_Part_Number","Mouser Part Number","Mouser Price/Stock","PART_REV","STANDARD"
"1","3","C1, C2, C6","100nF","Device:C","Capacitor_SMD:C_1206_3216Metric_Pad1.33x1.80mm_HandSolder","~","","","","","","","","",""
"2","1","C3","1uF","Device:C","Capacitor_SMD:C_1812_4532Metric_Pad1.57x3.40mm_HandSolder","~","","","","","","","","",""
"3","1","C4","0.1uF","Device:C","Capacitor_SMD:C_1812_4532Metric_Pad1.57x3.40mm_HandSolder","~","","","","","","","","",""
"4","1","C5","22uF","Device:C","Capacitor_Tantalum_SMD:CP_EIA-3528-21_Kemet-B_Pad1.50x2.35mm_HandSolder","~","","","","","","","","",""
"5","1","C7","4.7uF","Device:C","Capacitor_SMD:C_1206_3216Metric_Pad1.33x1.80mm_HandSolder","~","","","","","","","","",""
"6","1","D1","RED_RADIO_OK","Device:LED_Small","LED_SMD:LED_0603_1608Metric_Pad1.05x0.95mm_HandSolder","~","","","","","","","","",""
"7","1","D2","RED_TX_PROGRESS","Device:LED_Small","LED_SMD:LED_0603_1608Metric_Pad1.05x0.95mm_HandSolder","~","","","","","","","","",""
"8","1","D3","GREN_USER_DEFINED","Device:LED_Small","LED_SMD:LED_0603_1608Metric_Pad1.05x0.95mm_HandSolder","~","","","","","","","","",""
"9","1","FL1","LFCN-160","RF_Filter:LFCN-160","Filter:Filter_Mini-Circuits_FV1206","https://www.minicircuits.com/pdfs/LFCN-160+.pdf","","","","","","","","",""
"10","4","H1, H2, H3, H4","MH","Mechanical:MountingHole_Pad","MountingHole:MountingHole_4.3mm_M4_Pad_Via","~","","","","","","","","",""
"11","1","J1","GPS_CONNECTOR","Connector:Conn_01x04_Male","Connector_PinHeader_2.54mm:PinHeader_1x04_P2.54mm_Vertical","~","","","","","","","","",""
"12","1","J2","EXT_1WIRE","Connector:Screw_Terminal_01x03","Connector_PinHeader_2.54mm:PinHeader_1x03_P2.54mm_Vertical","~","","","","","","","","",""
"13","1","J3","PSU_CONN","Connector:Screw_Terminal_01x04","TerminalBlock:TerminalBlock_Altech_AK300-4_P5.00mm","~","","","","","","","","",""
"14","1","J4","I2C","Connector_Generic:Conn_01x04","Connector_PinHeader_2.54mm:PinHeader_1x04_P2.54mm_Vertical","~","","","","","","","","",""
"15","1","J5","M20-6102045","M20-6102045:M20-6102045","M20-6102045:RHDR40W66P254_2X20_5146X500X1105P","https://datasheet.datasheetarchive.com/originals/distributors/SFDatasheet-1/sf-00022539.pdf","PC / 104 Connectors PC104 STACK CONNECT 20+20 HI TEMP AU","11.05","","Harwin","M20-6102045","855-M20-6102045","https://www.mouser.co.uk/ProductDetail/Harwin/M20-6102045?qs=pYcASEcTDE4FwHXnSlfG3Q%3D%3D","",""
"16","1","J6","RF_HI_LOW","Connector:Screw_Terminal_01x03","Connector_PinHeader_2.54mm:PinHeader_1x03_P2.54mm_Vertical","~","","","","","","","","",""
"17","1","J7","RF_OUT","Connector:Conn_Coaxial","Connector_Coaxial:SMA_Amphenol_132291_Vertical"," ~","","","","","","","","",""
"18","1","J8","ESP PROGRAM","Connector:Conn_01x03_Male","Connector_PinHeader_2.54mm:PinHeader_1x03_P2.54mm_Vertical","~","","","","","","","","",""
"19","4","Q1, Q2, Q3, Q4","BSS138","Transistor_FET:BSS138","Package_TO_SOT_SMD:SOT-23","https://www.onsemi.com/pub/Collateral/BSS138-D.PDF","","","","","","","","",""
"20","1","R1","4.7k","Device:R","Resistor_SMD:R_1206_3216Metric_Pad1.30x1.75mm_HandSolder","~","","","","","","","","",""
"21","8","R2, R3, R4, R5, R6, R7, R10, R11","10k","Device:R","Resistor_SMD:R_1206_3216Metric_Pad1.30x1.75mm_HandSolder","~","","","","","","","","",""
"22","1","R8","10K","Device:R","Resistor_SMD:R_1206_3216Metric_Pad1.30x1.75mm_HandSolder","~","","","","","","","","",""
"23","1","R9","270R","Device:R","Resistor_SMD:R_1206_3216Metric_Pad1.30x1.75mm_HandSolder","~","","","","","","","","",""
"24","2","R12, R13","4.7K","Device:R_Small","Resistor_SMD:R_1206_3216Metric_Pad1.30x1.75mm_HandSolder","~","","","","","","","","",""
"25","3","R14, R15, R16","1.1K","Device:R_Small","Resistor_SMD:R_1206_3216Metric_Pad1.30x1.75mm_HandSolder","~","","","","","","","","",""
"26","1","SW1","RESET","Switch:SW_Push","Button_Switch_THT:SW_PUSH_6mm_H5mm","~","","","","","","","","",""
"27","1","SW2","ESP Program","Switch:SW_Push","Button_Switch_THT:SW_PUSH_6mm_H5mm","~","","","","","","","","",""
"28","1","U1","DRA818V","DRA818V:DRA818V","DRA818:DORJI_DRA818V","","","","DORJI","","","","","1.23","MANUFACTURER RECOMMENDATIONS"
"29","1","U2","ESP32-WROOM-32D","RF_Module:ESP32-WROOM-32D","RF_Module:ESP32-WROOM-32","https://www.espressif.com/sites/default/files/documentation/esp32-wroom-32d_esp32-wroom-32u_datasheet_en.pdf","","","","","","","","",""
